{"0": {"precision": 0.7866310160427807, "recall": 0.9114002478314746, "f1-score": 0.8444316877152698, "support": 3228}, "1": {"precision": 0.8510416666666667, "recall": 0.671875, "f1-score": 0.7509191176470588, "support": 2432}, "accuracy": 0.8084805653710248, "macro avg": {"precision": 0.8188363413547237, "recall": 0.7916376239157372, "f1-score": 0.7976754026811643, "support": 5660}, "weighted avg": {"precision": 0.8143071118585564, "recall": 0.8084805653710248, "f1-score": 0.8042510215658193, "support": 5660}}