{"0": {"precision": 0.7689144736842105, "recall": 0.8657407407407407, "f1-score": 0.8144599303135889, "support": 1080}, "1": {"precision": 0.7889374090247453, "recall": 0.6585662211421628, "f1-score": 0.7178807947019866, "support": 823}, "accuracy": 0.7761429322122964, "macro avg": {"precision": 0.7789259413544779, "recall": 0.7621534809414517, "f1-score": 0.7661703625077878, "support": 1903}, "weighted avg": {"precision": 0.7775738934347414, "recall": 0.7761429322122964, "f1-score": 0.7726918648336368, "support": 1903}}