{"0": {"precision": 0.7894319682959049, "recall": 0.9093122337188071, "f1-score": 0.8451421298260501, "support": 3286}, "1": {"precision": 0.8489609731373543, "recall": 0.6775889967637541, "f1-score": 0.7536557930258717, "support": 2472}, "accuracy": 0.8098298020145884, "macro avg": {"precision": 0.8191964707166296, "recall": 0.7934506152412806, "f1-score": 0.7993989614259609, "support": 5758}, "weighted avg": {"precision": 0.8149887067412093, "recall": 0.8098298020145884, "f1-score": 0.8058656059340665, "support": 5758}}