{"0": {"precision": 0.77109375, "recall": 0.8859964093357271, "f1-score": 0.824561403508772, "support": 1114}, "1": {"precision": 0.8112927191679049, "recall": 0.6507747318235996, "f1-score": 0.7222222222222223, "support": 839}, "accuracy": 0.7849462365591398, "macro avg": {"precision": 0.7911932345839525, "recall": 0.7683855705796634, "f1-score": 0.7733918128654972, "support": 1953}, "weighted avg": {"precision": 0.788363046022464, "recall": 0.7849462365591398, "f1-score": 0.7805969523569978, "support": 1953}}