{
    "timestr": "20200330195510",
    "opt_features": [
        "regex",
        "vaderSentiment",
        "glove"
    ],
    "alpha": 1.0,
    "l1_ratio": 0.0005,
    "n_estimators": [
        150,
        300,
        450,
        600,
        750,
        900,
        1050,
        1200
    ],
    "max_depth": [
        4,
        5,
        6,
        7,
        8,
        9,
        10,
        11,
        12
    ],
    "min_samples_split": [
        25,
        50,
        75,
        150,
        200,
        250,
        300,
        350,
        400,
        450,
        500
    ],
    "n_jobs": -2,
    "random_state": 43,
    "class_weight": "balanced",
    "filename_fs": "20200330195510_feature_selection.txt",
    "best_params_": {
        "n_estimators": 1050,
        "min_samples_split": 50,
        "max_depth": 10
    },
    "AUC": 0.96173518228243,
    "KS": 0.7923888488435805,
    "optimal_threshold": 0.4645602039097906,
    "classification_report": {
        "0": {
            "precision": 0.9068612232226017,
            "recall": 0.9142410015649453,
            "f1-score": 0.9105361596009974,
            "support": 3195
        },
        "1": {
            "precision": 0.8875205254515599,
            "recall": 0.8781478472786353,
            "f1-score": 0.8828093099224172,
            "support": 2462
        },
        "accuracy": 0.8985327912321018,
        "macro avg": {
            "precision": 0.8971908743370808,
            "recall": 0.8961944244217903,
            "f1-score": 0.8966727347617074,
            "support": 5657
        },
        "weighted avg": {
            "precision": 0.8984438999218584,
            "recall": 0.8985327912321018,
            "f1-score": 0.8984690738826547,
            "support": 5657
        }
    }
}