{"0": {"precision": 0.7444794952681388, "recall": 0.8855534709193246, "f1-score": 0.8089117395029992, "support": 1066}, "1": {"precision": 0.809375, "recall": 0.6152019002375297, "f1-score": 0.699055330634278, "support": 842}, "accuracy": 0.7662473794549266, "macro avg": {"precision": 0.7769272476340694, "recall": 0.7503776855784272, "f1-score": 0.7539835350686386, "support": 1908}, "weighted avg": {"precision": 0.7731178679013816, "recall": 0.7662473794549266, "f1-score": 0.7604321292999263, "support": 1908}}