{"0": {"precision": 0.7928140571728298, "recall": 0.9135690540948928, "f1-score": 0.8489188430216232, "support": 3309}, "1": {"precision": 0.8526532715095312, "recall": 0.6768916155419223, "f1-score": 0.7546739626082991, "support": 2445}, "accuracy": 0.8129996524157108, "macro avg": {"precision": 0.8227336643411804, "recall": 0.7952303348184075, "f1-score": 0.8017964028149611, "support": 5754}, "weighted avg": {"precision": 0.8182410434525021, "recall": 0.8129996524157108, "f1-score": 0.8088721394049082, "support": 5754}}