{"0": {"precision": 0.7573770491803279, "recall": 0.875, "f1-score": 0.81195079086116, "support": 1056}, "1": {"precision": 0.7921259842519685, "recall": 0.6295369211514393, "f1-score": 0.701534170153417, "support": 799}, "accuracy": 0.7692722371967655, "macro avg": {"precision": 0.7747515167161482, "recall": 0.7522684605757197, "f1-score": 0.7567424805072884, "support": 1855}, "weighted avg": {"precision": 0.7723443802435305, "recall": 0.7692722371967655, "f1-score": 0.7643912868474205, "support": 1855}}