{"0": {"precision": 0.7917547568710359, "recall": 0.9145299145299145, "f1-score": 0.8487252124645892, "support": 3276}, "1": {"precision": 0.8542425819885476, "recall": 0.6755866611774393, "f1-score": 0.7544827586206897, "support": 2429}, "accuracy": 0.8127957931638913, "macro avg": {"precision": 0.8229986694297917, "recall": 0.7950582878536769, "f1-score": 0.8016039855426395, "support": 5705}, "weighted avg": {"precision": 0.8183600026572649, "recall": 0.8127957931638913, "f1-score": 0.8085998977604995, "support": 5705}}