{"0": {"precision": 0.7881446039340776, "recall": 0.9089515634580012, "f1-score": 0.844248291571754, "support": 3262}, "1": {"precision": 0.8475359342915811, "recall": 0.6744281045751634, "f1-score": 0.751137397634213, "support": 2448}, "accuracy": 0.8084063047285464, "macro avg": {"precision": 0.8178402691128294, "recall": 0.7916898340165823, "f1-score": 0.7976928446029835, "support": 5710}, "weighted avg": {"precision": 0.8136069466162437, "recall": 0.8084063047285464, "f1-score": 0.804329645624451, "support": 5710}}