{"0": {"precision": 0.7483552631578947, "recall": 0.8809293320425944, "f1-score": 0.8092485549132947, "support": 1033}, "1": {"precision": 0.8087091757387247, "recall": 0.6295399515738499, "f1-score": 0.7079646017699115, "support": 826}, "accuracy": 0.7692307692307693, "macro avg": {"precision": 0.7785322194483097, "recall": 0.7552346418082221, "f1-score": 0.7586065783416032, "support": 1859}, "weighted avg": {"precision": 0.7751720096838579, "recall": 0.7692307692307693, "f1-score": 0.7642455719673913, "support": 1859}}