{"0": {"precision": 0.7600657354149548, "recall": 0.8759469696969697, "f1-score": 0.8139023317201936, "support": 1056}, "1": {"precision": 0.7946708463949843, "recall": 0.6345431789737171, "f1-score": 0.7056367432150313, "support": 799}, "accuracy": 0.7719676549865229, "macro avg": {"precision": 0.7773682909049695, "recall": 0.7552450743353434, "f1-score": 0.7597695374676124, "support": 1855}, "weighted avg": {"precision": 0.7749711174489406, "recall": 0.7719676549865229, "f1-score": 0.7672693369947894, "support": 1855}}