{"0": {"precision": 0.7892234548335975, "recall": 0.9093122337188071, "f1-score": 0.8450226244343891, "support": 3286}, "1": {"precision": 0.8488843813387424, "recall": 0.6771844660194175, "f1-score": 0.7533753375337534, "support": 2472}, "accuracy": 0.8096561306009031, "macro avg": {"precision": 0.81905391808617, "recall": 0.7932483498691123, "f1-score": 0.7991989809840713, "support": 5758}, "weighted avg": {"precision": 0.8148368293248649, "recall": 0.8096561306009031, "f1-score": 0.805677002131789, "support": 5758}}